{
  "name": "tools",
  "version": "1.0.0",
  "lockfileVersion": 2,
  "requires": true,
  "packages": {
    "": {
      "name": "tools",
      "version": "1.0.0",
      "license": "ISC",
      "dependencies": {
        "node": "^19.0.0"
      },
      "devDependencies": {
        "tsc-watch": "^4.2.9",
        "typescript": "^4.2.2"
      }
    },
    "node_modules/ansi-regex": {
      "version": "5.0.1",
      "resolved": "https://registry.npmjs.org/ansi-regex/-/ansi-regex-5.0.1.tgz",
      "integrity": "sha512-quJQXlTSUGL2LH9SUXo8VwsY4soanhgo6LNSm84E1LBcE8s3O0wpdiRzyR9z/ZZJMlMWv37qOOb9pdJlMUEKFQ==",
      "dev": true,
      "engines": {
        "node": ">=8"
      }
    },
    "node_modules/cross-spawn": {
      "version": "7.0.3",
      "resolved": "https://registry.npmjs.org/cross-spawn/-/cross-spawn-7.0.3.tgz",
      "integrity": "sha512-iRDPJKUPVEND7dHPO8rkbOnPpyDygcDFtWjpeWNCgy8WP2rXcxXL8TskReQl6OrB2G7+UJrags1q15Fudc7G6w==",
      "dev": true,
      "dependencies": {
        "path-key": "^3.1.0",
        "shebang-command": "^2.0.0",
        "which": "^2.0.1"
      },
      "engines": {
        "node": ">= 8"
      }
    },
    "node_modules/duplexer": {
      "version": "0.1.2",
      "resolved": "https://registry.npmjs.org/duplexer/-/duplexer-0.1.2.tgz",
      "integrity": "sha512-jtD6YG370ZCIi/9GTaJKQxWTZD045+4R4hTk/x1UyoqadyJ9x9CgSi1RlVDQF8U2sxLLSnFkCaMihqljHIWgMg==",
      "dev": true
    },
    "node_modules/event-stream": {
      "version": "3.3.4",
      "resolved": "https://registry.npmjs.org/event-stream/-/event-stream-3.3.4.tgz",
      "integrity": "sha512-QHpkERcGsR0T7Qm3HNJSyXKEEj8AHNxkY3PK8TS2KJvQ7NiSHe3DDpwVKKtoYprL/AreyzFBeIkBIWChAqn60g==",
      "dev": true,
      "dependencies": {
        "duplexer": "~0.1.1",
        "from": "~0",
        "map-stream": "~0.1.0",
        "pause-stream": "0.0.11",
        "split": "0.3",
        "stream-combiner": "~0.0.4",
        "through": "~2.3.1"
      }
    },
    "node_modules/from": {
      "version": "0.1.7",
      "resolved": "https://registry.npmjs.org/from/-/from-0.1.7.tgz",
      "integrity": "sha512-twe20eF1OxVxp/ML/kq2p1uc6KvFK/+vs8WjEbeKmV2He22MKm7YF2ANIt+EOqhJ5L3K/SuuPhk0hWQDjOM23g==",
      "dev": true
    },
    "node_modules/isexe": {
      "version": "2.0.0",
      "resolved": "https://registry.npmjs.org/isexe/-/isexe-2.0.0.tgz",
      "integrity": "sha512-RHxMLp9lnKHGHRng9QFhRCMbYAcVpn69smSGcq3f36xjgVVWThj4qqLbTLlq7Ssj8B+fIQ1EuCEGI2lKsyQeIw==",
      "dev": true
    },
    "node_modules/map-stream": {
      "version": "0.1.0",
      "resolved": "https://registry.npmjs.org/map-stream/-/map-stream-0.1.0.tgz",
      "integrity": "sha512-CkYQrPYZfWnu/DAmVCpTSX/xHpKZ80eKh2lAkyA6AJTef6bW+6JpbQZN5rofum7da+SyN1bi5ctTm+lTfcCW3g==",
      "dev": true
    },
    "node_modules/node": {
      "version": "19.0.0",
      "resolved": "https://registry.npmjs.org/node/-/node-19.0.0.tgz",
      "integrity": "sha512-joJ5busDTd1YUMBXsunjSk1kOlg2NajA87Hkem/bk/4KST6/56w5Pmq3RfIRzjVTwBOIhrcV1iS80qvzEsvZhQ==",
      "hasInstallScript": true,
      "dependencies": {
        "node-bin-setup": "^1.0.0"
      },
      "bin": {
        "node": "bin/node"
      },
      "engines": {
        "npm": ">=5.0.0"
      }
    },
    "node_modules/node-bin-setup": {
      "version": "1.1.3",
      "resolved": "https://registry.npmjs.org/node-bin-setup/-/node-bin-setup-1.1.3.tgz",
      "integrity": "sha512-opgw9iSCAzT2+6wJOETCpeRYAQxSopqQ2z+N6BXwIMsQQ7Zj5M8MaafQY8JMlolRR6R1UXg2WmhKp0p9lSOivg=="
    },
    "node_modules/node-cleanup": {
      "version": "2.1.2",
      "resolved": "https://registry.npmjs.org/node-cleanup/-/node-cleanup-2.1.2.tgz",
      "integrity": "sha512-qN8v/s2PAJwGUtr1/hYTpNKlD6Y9rc4p8KSmJXyGdYGZsDGKXrGThikLFP9OCHFeLeEpQzPwiAtdIvBLqm//Hw==",
      "dev": true
    },
    "node_modules/path-key": {
      "version": "3.1.1",
      "resolved": "https://registry.npmjs.org/path-key/-/path-key-3.1.1.tgz",
      "integrity": "sha512-ojmeN0qd+y0jszEtoY48r0Peq5dwMEkIlCOu6Q5f41lfkswXuKtYrhgoTpLnyIcHm24Uhqx+5Tqm2InSwLhE6Q==",
      "dev": true,
      "engines": {
        "node": ">=8"
      }
    },
    "node_modules/pause-stream": {
      "version": "0.0.11",
      "resolved": "https://registry.npmjs.org/pause-stream/-/pause-stream-0.0.11.tgz",
      "integrity": "sha512-e3FBlXLmN/D1S+zHzanP4E/4Z60oFAa3O051qt1pxa7DEJWKAyil6upYVXCWadEnuoqa4Pkc9oUx9zsxYeRv8A==",
      "dev": true,
      "dependencies": {
        "through": "~2.3"
      }
    },
    "node_modules/ps-tree": {
      "version": "1.2.0",
      "resolved": "https://registry.npmjs.org/ps-tree/-/ps-tree-1.2.0.tgz",
      "integrity": "sha512-0VnamPPYHl4uaU/nSFeZZpR21QAWRz+sRv4iW9+v/GS/J5U5iZB5BNN6J0RMoOvdx2gWM2+ZFMIm58q24e4UYA==",
      "dev": true,
      "dependencies": {
        "event-stream": "=3.3.4"
      },
      "bin": {
        "ps-tree": "bin/ps-tree.js"
      },
      "engines": {
        "node": ">= 0.10"
      }
    },
    "node_modules/shebang-command": {
      "version": "2.0.0",
      "resolved": "https://registry.npmjs.org/shebang-command/-/shebang-command-2.0.0.tgz",
      "integrity": "sha512-kHxr2zZpYtdmrN1qDjrrX/Z1rR1kG8Dx+gkpK1G4eXmvXswmcE1hTWBWYUzlraYw1/yZp6YuDY77YtvbN0dmDA==",
      "dev": true,
      "dependencies": {
        "shebang-regex": "^3.0.0"
      },
      "engines": {
        "node": ">=8"
      }
    },
    "node_modules/shebang-regex": {
      "version": "3.0.0",
      "resolved": "https://registry.npmjs.org/shebang-regex/-/shebang-regex-3.0.0.tgz",
      "integrity": "sha512-7++dFhtcx3353uBaq8DDR4NuxBetBzC7ZQOhmTQInHEd6bSrXdiEyzCvG07Z44UYdLShWUyXt5M/yhz8ekcb1A==",
      "dev": true,
      "engines": {
        "node": ">=8"
      }
    },
    "node_modules/split": {
      "version": "0.3.3",
      "resolved": "https://registry.npmjs.org/split/-/split-0.3.3.tgz",
      "integrity": "sha512-wD2AeVmxXRBoX44wAycgjVpMhvbwdI2aZjCkvfNcH1YqHQvJVa1duWc73OyVGJUc05fhFaTZeQ/PYsrmyH0JVA==",
      "dev": true,
      "dependencies": {
        "through": "2"
      },
      "engines": {
        "node": "*"
      }
    },
    "node_modules/stream-combiner": {
      "version": "0.0.4",
      "resolved": "https://registry.npmjs.org/stream-combiner/-/stream-combiner-0.0.4.tgz",
      "integrity": "sha512-rT00SPnTVyRsaSz5zgSPma/aHSOic5U1prhYdRy5HS2kTZviFpmDgzilbtsJsxiroqACmayynDN/9VzIbX5DOw==",
      "dev": true,
      "dependencies": {
        "duplexer": "~0.1.1"
      }
    },
    "node_modules/string-argv": {
      "version": "0.1.2",
      "resolved": "https://registry.npmjs.org/string-argv/-/string-argv-0.1.2.tgz",
      "integrity": "sha512-mBqPGEOMNJKXRo7z0keX0wlAhbBAjilUdPW13nN0PecVryZxdHIeM7TqbsSUA7VYuS00HGC6mojP7DlQzfa9ZA==",
      "dev": true,
      "engines": {
        "node": ">=0.6.19"
      }
    },
    "node_modules/strip-ansi": {
      "version": "6.0.1",
      "resolved": "https://registry.npmjs.org/strip-ansi/-/strip-ansi-6.0.1.tgz",
      "integrity": "sha512-Y38VPSHcqkFrCpFnQ9vuSXmquuv5oXOKpGeT6aGrr3o3Gc9AlVa6JBfUSOCnbxGGZF+/0ooI7KrPuUSztUdU5A==",
      "dev": true,
      "dependencies": {
        "ansi-regex": "^5.0.1"
      },
      "engines": {
        "node": ">=8"
      }
    },
    "node_modules/through": {
      "version": "2.3.8",
      "resolved": "https://registry.npmjs.org/through/-/through-2.3.8.tgz",
      "integrity": "sha512-w89qg7PI8wAdvX60bMDP+bFoD5Dvhm9oLheFp5O4a2QF0cSBGsBX4qZmadPMvVqlLJBBci+WqGGOAPvcDeNSVg==",
      "dev": true
    },
    "node_modules/tsc-watch": {
      "version": "4.2.9",
      "resolved": "https://registry.npmjs.org/tsc-watch/-/tsc-watch-4.2.9.tgz",
      "integrity": "sha512-DlTaoDs74+KUpyWr7dCGhuscAUKCz6CiFduBN7R9RbLJSSN1moWdwoCLASE7+zLgGvV5AwXfYDiEMAsPGaO+Vw==",
      "dev": true,
      "dependencies": {
        "cross-spawn": "^7.0.3",
        "node-cleanup": "^2.1.2",
        "ps-tree": "^1.2.0",
        "string-argv": "^0.1.1",
        "strip-ansi": "^6.0.0"
      },
      "bin": {
        "tsc-watch": "index.js"
      },
      "engines": {
        "node": ">=8.17.0"
      },
      "peerDependencies": {
        "typescript": "*"
      }
    },
    "node_modules/typescript": {
      "version": "4.2.2",
      "resolved": "https://registry.npmjs.org/typescript/-/typescript-4.2.2.tgz",
      "integrity": "sha512-tbb+NVrLfnsJy3M59lsDgrzWIflR4d4TIUjz+heUnHZwdF7YsrMTKoRERiIvI2lvBG95dfpLxB21WZhys1bgaQ==",
      "dev": true,
      "bin": {
        "tsc": "bin/tsc",
        "tsserver": "bin/tsserver"
      },
      "engines": {
        "node": ">=4.2.0"
      }
    },
    "node_modules/which": {
      "version": "2.0.2",
      "resolved": "https://registry.npmjs.org/which/-/which-2.0.2.tgz",
      "integrity": "sha512-BLI3Tl1TW3Pvl70l3yq3Y64i+awpwXqsGBYWkkqMtnbXgrMD+yj7rhW0kuEDxzJaYXGjEW5ogapKNMEKNMjibA==",
      "dev": true,
      "dependencies": {
        "isexe": "^2.0.0"
      },
      "bin": {
        "node-which": "bin/node-which"
      },
      "engines": {
        "node": ">= 8"
      }
    }
  },
  "dependencies": {
    "ansi-regex": {
      "version": "5.0.1",
      "resolved": "https://registry.npmjs.org/ansi-regex/-/ansi-regex-5.0.1.tgz",
      "integrity": "sha512-quJQXlTSUGL2LH9SUXo8VwsY4soanhgo6LNSm84E1LBcE8s3O0wpdiRzyR9z/ZZJMlMWv37qOOb9pdJlMUEKFQ==",
      "dev": true
    },
    "cross-spawn": {
      "version": "7.0.3",
      "resolved": "https://registry.npmjs.org/cross-spawn/-/cross-spawn-7.0.3.tgz",
      "integrity": "sha512-iRDPJKUPVEND7dHPO8rkbOnPpyDygcDFtWjpeWNCgy8WP2rXcxXL8TskReQl6OrB2G7+UJrags1q15Fudc7G6w==",
      "dev": true,
      "requires": {
        "path-key": "^3.1.0",
        "shebang-command": "^2.0.0",
        "which": "^2.0.1"
      }
    },
    "duplexer": {
      "version": "0.1.2",
      "resolved": "https://registry.npmjs.org/duplexer/-/duplexer-0.1.2.tgz",
      "integrity": "sha512-jtD6YG370ZCIi/9GTaJKQxWTZD045+4R4hTk/x1UyoqadyJ9x9CgSi1RlVDQF8U2sxLLSnFkCaMihqljHIWgMg==",
      "dev": true
    },
    "event-stream": {
      "version": "3.3.4",
      "resolved": "https://registry.npmjs.org/event-stream/-/event-stream-3.3.4.tgz",
      "integrity": "sha512-QHpkERcGsR0T7Qm3HNJSyXKEEj8AHNxkY3PK8TS2KJvQ7NiSHe3DDpwVKKtoYprL/AreyzFBeIkBIWChAqn60g==",
      "dev": true,
      "requires": {
        "duplexer": "~0.1.1",
        "from": "~0",
        "map-stream": "~0.1.0",
        "pause-stream": "0.0.11",
        "split": "0.3",
        "stream-combiner": "~0.0.4",
        "through": "~2.3.1"
      }
    },
    "from": {
      "version": "0.1.7",
      "resolved": "https://registry.npmjs.org/from/-/from-0.1.7.tgz",
      "integrity": "sha512-twe20eF1OxVxp/ML/kq2p1uc6KvFK/+vs8WjEbeKmV2He22MKm7YF2ANIt+EOqhJ5L3K/SuuPhk0hWQDjOM23g==",
      "dev": true
    },
    "isexe": {
      "version": "2.0.0",
      "resolved": "https://registry.npmjs.org/isexe/-/isexe-2.0.0.tgz",
      "integrity": "sha512-RHxMLp9lnKHGHRng9QFhRCMbYAcVpn69smSGcq3f36xjgVVWThj4qqLbTLlq7Ssj8B+fIQ1EuCEGI2lKsyQeIw==",
      "dev": true
    },
    "map-stream": {
      "version": "0.1.0",
      "resolved": "https://registry.npmjs.org/map-stream/-/map-stream-0.1.0.tgz",
      "integrity": "sha512-CkYQrPYZfWnu/DAmVCpTSX/xHpKZ80eKh2lAkyA6AJTef6bW+6JpbQZN5rofum7da+SyN1bi5ctTm+lTfcCW3g==",
      "dev": true
    },
    "node": {
      "version": "19.0.0",
      "resolved": "https://registry.npmjs.org/node/-/node-19.0.0.tgz",
      "integrity": "sha512-joJ5busDTd1YUMBXsunjSk1kOlg2NajA87Hkem/bk/4KST6/56w5Pmq3RfIRzjVTwBOIhrcV1iS80qvzEsvZhQ==",
      "requires": {
        "node-bin-setup": "^1.0.0"
      }
    },
    "node-bin-setup": {
      "version": "1.1.3",
      "resolved": "https://registry.npmjs.org/node-bin-setup/-/node-bin-setup-1.1.3.tgz",
      "integrity": "sha512-opgw9iSCAzT2+6wJOETCpeRYAQxSopqQ2z+N6BXwIMsQQ7Zj5M8MaafQY8JMlolRR6R1UXg2WmhKp0p9lSOivg=="
    },
    "node-cleanup": {
      "version": "2.1.2",
      "resolved": "https://registry.npmjs.org/node-cleanup/-/node-cleanup-2.1.2.tgz",
      "integrity": "sha512-qN8v/s2PAJwGUtr1/hYTpNKlD6Y9rc4p8KSmJXyGdYGZsDGKXrGThikLFP9OCHFeLeEpQzPwiAtdIvBLqm//Hw==",
      "dev": true
    },
    "path-key": {
      "version": "3.1.1",
      "resolved": "https://registry.npmjs.org/path-key/-/path-key-3.1.1.tgz",
      "integrity": "sha512-ojmeN0qd+y0jszEtoY48r0Peq5dwMEkIlCOu6Q5f41lfkswXuKtYrhgoTpLnyIcHm24Uhqx+5Tqm2InSwLhE6Q==",
      "dev": true
    },
    "pause-stream": {
      "version": "0.0.11",
      "resolved": "https://registry.npmjs.org/pause-stream/-/pause-stream-0.0.11.tgz",
      "integrity": "sha512-e3FBlXLmN/D1S+zHzanP4E/4Z60oFAa3O051qt1pxa7DEJWKAyil6upYVXCWadEnuoqa4Pkc9oUx9zsxYeRv8A==",
      "dev": true,
      "requires": {
        "through": "~2.3"
      }
    },
    "ps-tree": {
      "version": "1.2.0",
      "resolved": "https://registry.npmjs.org/ps-tree/-/ps-tree-1.2.0.tgz",
      "integrity": "sha512-0VnamPPYHl4uaU/nSFeZZpR21QAWRz+sRv4iW9+v/GS/J5U5iZB5BNN6J0RMoOvdx2gWM2+ZFMIm58q24e4UYA==",
      "dev": true,
      "requires": {
        "event-stream": "=3.3.4"
      }
    },
    "shebang-command": {
      "version": "2.0.0",
      "resolved": "https://registry.npmjs.org/shebang-command/-/shebang-command-2.0.0.tgz",
      "integrity": "sha512-kHxr2zZpYtdmrN1qDjrrX/Z1rR1kG8Dx+gkpK1G4eXmvXswmcE1hTWBWYUzlraYw1/yZp6YuDY77YtvbN0dmDA==",
      "dev": true,
      "requires": {
        "shebang-regex": "^3.0.0"
      }
    },
    "shebang-regex": {
      "version": "3.0.0",
      "resolved": "https://registry.npmjs.org/shebang-regex/-/shebang-regex-3.0.0.tgz",
      "integrity": "sha512-7++dFhtcx3353uBaq8DDR4NuxBetBzC7ZQOhmTQInHEd6bSrXdiEyzCvG07Z44UYdLShWUyXt5M/yhz8ekcb1A==",
      "dev": true
    },
    "split": {
      "version": "0.3.3",
      "resolved": "https://registry.npmjs.org/split/-/split-0.3.3.tgz",
      "integrity": "sha512-wD2AeVmxXRBoX44wAycgjVpMhvbwdI2aZjCkvfNcH1YqHQvJVa1duWc73OyVGJUc05fhFaTZeQ/PYsrmyH0JVA==",
      "dev": true,
      "requires": {
        "through": "2"
      }
    },
    "stream-combiner": {
      "version": "0.0.4",
      "resolved": "https://registry.npmjs.org/stream-combiner/-/stream-combiner-0.0.4.tgz",
      "integrity": "sha512-rT00SPnTVyRsaSz5zgSPma/aHSOic5U1prhYdRy5HS2kTZviFpmDgzilbtsJsxiroqACmayynDN/9VzIbX5DOw==",
      "dev": true,
      "requires": {
        "duplexer": "~0.1.1"
      }
    },
    "string-argv": {
      "version": "0.1.2",
      "resolved": "https://registry.npmjs.org/string-argv/-/string-argv-0.1.2.tgz",
      "integrity": "sha512-mBqPGEOMNJKXRo7z0keX0wlAhbBAjilUdPW13nN0PecVryZxdHIeM7TqbsSUA7VYuS00HGC6mojP7DlQzfa9ZA==",
      "dev": true
    },
    "strip-ansi": {
      "version": "6.0.1",
      "resolved": "https://registry.npmjs.org/strip-ansi/-/strip-ansi-6.0.1.tgz",
      "integrity": "sha512-Y38VPSHcqkFrCpFnQ9vuSXmquuv5oXOKpGeT6aGrr3o3Gc9AlVa6JBfUSOCnbxGGZF+/0ooI7KrPuUSztUdU5A==",
      "dev": true,
      "requires": {
        "ansi-regex": "^5.0.1"
      }
    },
    "through": {
      "version": "2.3.8",
      "resolved": "https://registry.npmjs.org/through/-/through-2.3.8.tgz",
      "integrity": "sha512-w89qg7PI8wAdvX60bMDP+bFoD5Dvhm9oLheFp5O4a2QF0cSBGsBX4qZmadPMvVqlLJBBci+WqGGOAPvcDeNSVg==",
      "dev": true
    },
    "tsc-watch": {
      "version": "4.2.9",
      "resolved": "https://registry.npmjs.org/tsc-watch/-/tsc-watch-4.2.9.tgz",
      "integrity": "sha512-DlTaoDs74+KUpyWr7dCGhuscAUKCz6CiFduBN7R9RbLJSSN1moWdwoCLASE7+zLgGvV5AwXfYDiEMAsPGaO+Vw==",
      "dev": true,
      "requires": {
        "cross-spawn": "^7.0.3",
        "node-cleanup": "^2.1.2",
        "ps-tree": "^1.2.0",
        "string-argv": "^0.1.1",
        "strip-ansi": "^6.0.0"
      }
    },
    "typescript": {
      "version": "4.2.2",
      "resolved": "https://registry.npmjs.org/typescript/-/typescript-4.2.2.tgz",
      "integrity": "sha512-tbb+NVrLfnsJy3M59lsDgrzWIflR4d4TIUjz+heUnHZwdF7YsrMTKoRERiIvI2lvBG95dfpLxB21WZhys1bgaQ==",
      "dev": true
    },
    "which": {
      "version": "2.0.2",
      "resolved": "https://registry.npmjs.org/which/-/which-2.0.2.tgz",
      "integrity": "sha512-BLI3Tl1TW3Pvl70l3yq3Y64i+awpwXqsGBYWkkqMtnbXgrMD+yj7rhW0kuEDxzJaYXGjEW5ogapKNMEKNMjibA==",
      "dev": true,
      "requires": {
        "isexe": "^2.0.0"
      }
    }
  }
}
